{
    "nodes": [
        2, 
        3, 
        4, 
        5, 
        6, 
        7, 
        8, 
        9, 
        10, 
        11
    ], 
    "runtime": [
        5.602836608886719e-05, 
        2.7179718017578125e-05, 
        2.5033950805664062e-05, 
        2.9087066650390625e-05, 
        3.0994415283203125e-05, 
        3.695487976074219e-05, 
        6.103515625e-05, 
        5.602836608886719e-05, 
        6.890296936035156e-05, 
        7.009506225585938e-05
    ]
}