{
    "nodes": [
        2, 
        3, 
        4, 
        5, 
        6, 
        7, 
        8, 
        9, 
        10, 
        11, 
        12, 
        13, 
        14, 
        15, 
        16, 
        17, 
        18, 
        19, 
        20, 
        21, 
        22, 
        23, 
        24, 
        25, 
        26, 
        27, 
        28, 
        29, 
        30, 
        31, 
        32, 
        33, 
        34, 
        35, 
        36, 
        37, 
        38, 
        39, 
        40, 
        41, 
        42, 
        43, 
        44, 
        45, 
        46, 
        47, 
        48, 
        49, 
        50, 
        51
    ], 
    "runtime": [
        6.9141387939453125e-06, 
        7.867813110351562e-06, 
        1.0013580322265625e-05, 
        1.0967254638671875e-05, 
        1.5974044799804688e-05, 
        2.09808349609375e-05, 
        2.288818359375e-05, 
        2.8133392333984375e-05, 
        3.314018249511719e-05, 
        4.291534423828125e-05, 
        4.1961669921875e-05, 
        4.601478576660156e-05, 
        4.9114227294921875e-05, 
        5.793571472167969e-05, 
        6.580352783203125e-05, 
        9.799003601074219e-05, 
        7.200241088867188e-05, 
        7.605552673339844e-05, 
        8.20159912109375e-05, 
        8.702278137207031e-05, 
        9.703636169433594e-05, 
        0.00012111663818359375, 
        0.00011396408081054688, 
        0.0001201629638671875, 
        0.0001609325408935547, 
        0.0001289844512939453, 
        0.00015401840209960938, 
        0.0001468658447265625, 
        0.0001590251922607422, 
        0.0001609325408935547, 
        0.00021314620971679688, 
        0.0002048015594482422, 
        0.00018596649169921875, 
        0.00023794174194335938, 
        0.0002460479736328125, 
        0.00022292137145996094, 
        0.0002410411834716797, 
        0.00024199485778808594, 
        0.0002689361572265625, 
        0.0002720355987548828, 
        0.00035190582275390625, 
        0.00027108192443847656, 
        0.0002760887145996094, 
        0.0002989768981933594, 
        0.00029206275939941406, 
        0.0003190040588378906, 
        0.00019788742065429688, 
        0.00035500526428222656, 
        0.0003998279571533203, 
        0.0004088878631591797
    ]
}